name,year,class,team,framing
",",2014,Fr,UC Santa Barbara,-0.032
"Adams, Elizabeth",2014,So,Rutgers,0.169
"Adams, Elizabeth",2015,Jr,Rutgers,0.169
"Adkins, Holly",2014,Fr,Samford,-0.018
"Adkinson, Spencer",2014,Jr,Southeastern La.,-0.060
"Adkinson, Spencer",2015,Sr,Southeastern La.,-0.060
"Africano, Casey",2014,So,Notre Dame,0.040
"Africano, Casey",2015,Jr,Notre Dame,0.040
"Aguirre, Katee",2014,So,Arizona St.,-0.027
"Aguirre, Katee",2015,Jr,Arizona St.,-0.027
"Akamine, Hannah",2015,Sr,Oregon St.,-0.182
"Akamine, Hannah",2014,Jr,Tennessee,0.038
"Alaan, Jastine",2015,Fr,Mercer,-0.024
"Aldrete, Annie",2014,Fr,Tennessee,0.033
"Aldrete, Annie",2015,So,Tennessee,0.033
"Alford, Callie",2014,Jr,Georgia St.,-0.066
"Alford, Callie",2015,Sr,Georgia St.,-0.066
"Allen, Kelby",2014,Jr,Liberty,-0.156
"Allen, Kelby",2015,Sr,Liberty,-0.156
"Allocca, Brittany",2015,Fr,Hofstra,-0.012
"Anderson, Denise",2014,Fr,Florida A&M,0.068
"Anderson, Denise",2015,So,Florida A&M,0.068
"Angersbach, Jessica",2014,Fr,Villanova,-0.069
"Angersbach, Jessica",2015,So,Villanova,-0.069
"Appelbe, Katherine",2014,Jr,Harvard,0.047
"Appelbe, Katherine",2015,Sr,Harvard,0.047
"Archer, Taylor",2014,So,Rhode Island,0.025
"Archer, Taylor",2015,Jr,Rhode Island,0.025
"Arciola, Alex",2015,Fr,North Florida,-0.021
"Arnold, Caylor",2014,So,Northwestern,0.046
"Arnold, Caylor",2015,Jr,Northwestern,0.046
"Ashley, Jordan",2014,So,Presbyterian,-0.007
"Ashley, Jordan",2015,Jr,Presbyterian,-0.007
"Baca, Brynn",2014,Fr,Lamar,0.037
"Baca, Brynn",2015,So,Lamar,0.037
"Bailey, Katie Anne",2014,Fr,Mississippi St.,-0.074
"Bailey, Katie Anne",2015,So,Mississippi St.,-0.074
"Baird, Jackie",2014,Sr,East Tenn. St.,-0.036
"Baker, Ashley",2014,So,Green Bay,0.099
"Baker, Ashley",2015,Jr,Green Bay,0.099
"Baldwin, Amber",2014,Fr,Oakland,0.094
"Ballard, Lexie",2014,Jr,Jacksonville,-0.061
"Ballard, Lexie",2015,Sr,Jacksonville,-0.061
"Baltzell, Megan",2014,Jr,Longwood,0.031
"Baltzell, Megan",2015,Sr,Longwood,0.031
"Barber, Caitie",2014,So,Towson,-0.073
"Barber, Caitie",2015,Jr,Towson,-0.073
"Barnes, Alex",2014,So,Virginia Tech,0.030
"Barre, Amye",2014,So,La.-Monroe,-0.074
"Barre, Amye",2015,Jr,La.-Monroe,-0.074
"Barrios, Kori",2015,So,Utah Valley,-0.095
"Barrow, Hayley",2014,Jr,Buffalo,-0.042
"Barrow, Hayley",2015,Sr,Buffalo,-0.042
"Bartko, Mckenna",2014,Sr,Morehead St.,-0.092
"Basham, Bailiegh",2014,Sr,Bradley,-0.035
"Bava, Krista",2014,Jr,UC Davis,-0.008
"Bava, Krista",2015,Sr,UC Davis,-0.008
"Beck, Jordan",2015,Fr,Southern Miss.,0.007
"Beckstrom, Hayley",2014,So,Seattle,0.031
"Beckstrom, Hayley",2015,Jr,Seattle,0.031
"Bell, Chaunsey",2014,Jr,Alabama,0.012
"Bell, Chaunsey",2015,Sr,Alabama,0.012
"Bell, Mickey",2014,So,Fla. Atlantic,0.144
"Bell, Mickey",2015,Jr,Fla. Atlantic,0.144
"Belshe, Kristi",2014,Jr,Texas Tech,-0.133
"Belshe, Kristi",2015,Sr,Texas Tech,-0.133
"Bergman, Kaitlyn",2015,Fr,Toledo,-0.030
"Bernard, Breezy",2014,Jr,Santa Clara,-0.053
"Bernard, Breezy",2015,Sr,Santa Clara,-0.053
"Berouty, Melissa",2014,So,Bethune-Cookman,0.151
"Berouty, Melissa",2015,Jr,Bethune-Cookman,0.151
"Berry, Taylor",2014,Fr,Wisconsin,0.030
"Berry, Taylor",2015,So,Wisconsin,0.030
"Besson, Lindsey",2014,Fr,Michigan St.,0.113
"Besson, Lindsey",2015,So,Michigan St.,0.113
"Best, Ashley",2014,Fr,Appalachian St.,-0.100
"Biagini, C",2014,Fr,Santa Clara,0.086
"Biagini, Chiara",2015,Jr,Santa Clara,0.086
"Bindus, TJ",2015,Fr,Oakland,0.094
"Bingham, Sammy",2014,Sr,South Dakota St.,0.001
"Bird, Claire",2015,Fr,Dartmouth,0.188
"Bishop, Emily",2015,Jr,Kennesaw St.,-0.075
"Bjorson, Bailey",2014,Fr,Campbell,-0.046
"Bjorson, Bailey",2015,So,Campbell,-0.046
"Black, Olivia",2014,Fr,UAB,0.041
"Black, Olivia",2015,So,UAB,0.041
"Blackwell, Mandy",2014,Fr,Georgia St.,-0.139
"Blackwell, Mandy",2015,So,Georgia St.,-0.139
"Blanchard, Caitlin",2014,Sr,Michigan,0.006
"Boeckstigel, Stacia",2014,Sr,Missouri St.,0.141
"Bolden, Tia",2014,Fr,Savannah St.,-0.005
"Bolden, Tia",2015,So,Savannah St.,-0.005
"Bonezek, Staci",2014,Jr,DePaul,0.039
"Bonezek, Staci",2015,Sr,DePaul,0.039
"Bonstrom, Kayla",2014,So,Stanford,-0.120
"Bonstrom, Kayla",2015,Jr,Stanford,-0.120
"Boone, Jordan",2014,So,Morehead St.,-0.005
"Boone, Jordan",2015,Jr,Morehead St.,-0.005
"Booty, Joanna",2014,Fr,Southeastern La.,-0.072
"Booty, Joanna",2015,So,Southeastern La.,-0.072
"Bott, Brenda",2014,Fr,Wagner,0.106
"Bott, Brenda",2015,Jr,Wagner,0.106
"Bouchard, Janelle",2015,Jr,Maine,0.010
"Bouchard, Janelle",2014,So,Valparaiso,-0.125
"Bowen, Clara",2015,Jr,Samford,0.022
"Bowen, Clara",2014,So,South Ala.,-0.027
"Bowman, Elena",2014,So,Manhattan,0.061
"Bowman, Elena",2015,Jr,Manhattan,0.061
"Boyer, Karli",2014,So,Drexel,-0.110
"Braun, Dani",2014,So,Washington,-0.117
"Braun, Dani",2015,Jr,Washington,-0.117
"Breeden, Alex",2014,Jr,South Ala.,0.039
"Breeden, Alex",2015,Sr,South Ala.,0.039
"Breeden, Allysen",2014,Jr,Rider,-0.083
"Breeden, Allysen",2015,Sr,Rider,-0.083
"Brenneis, Lexie",2015,Fr,Montana,0.048
"Bretz, Victoria",2015,Fr,Niagara,-0.039
"Broderick, Sydney",2014,Fr,BYU,-0.105
"Broderick, Sydney",2015,So,BYU,-0.105
"Brodner, Emily",2015,Fr,Illinois,-0.127
"Brooks, Courtenay",2014,Fr,Mississippi Val.,-0.174
"Browne, Katie",2014,So,Georgia,-0.027
"Browne, Katie",2015,Jr,Georgia,-0.027
"Brown, Erin",2014,So,UNCW,0.043
"Brown, Erin",2015,Jr,UNCW,0.043
"Brown, Mylee",2015,Sr,Weber St.,0.001
"Brunson, Alex",2015,Fr,North Florida,0.008
"Buckel, Holly",2014,Jr,Mt. St. Mary's,-0.019
"Buckel, Holly",2015,Sr,Mt. St. Mary's,-0.019
"Budicin, Kailee",2015,Fr,Dayton,0.021
"Burgess, Anndrea",2014,Jr,St. Bonaventure,-0.065
"Burgess, Anndrea",2015,Sr,St. Bonaventure,-0.065
"Burgess, Chelsea",2014,Sr,Tennessee Tech,-0.150
"Burgess, Lindsey",2014,So,Tennessee St.,-0.060
"Burgess, Lindsey",2015,Jr,Tennessee St.,-0.060
"Burner, Erin",2014,Jr,St. John's (NY),-0.105
"Burner, Erin",2015,Sr,St. John's (NY),-0.105
"Burt, Cianna",2014,So,South Carolina St.,-0.044
"Burt, Cianna",2015,Jr,South Carolina St.,-0.044
"Bush, Alexis",2014,Fr,Saint Joseph's,-0.042
"Bush, Alexis",2015,So,Saint Joseph's,-0.042
"Bustillos, Shannon",2014,Jr,Maryland,-0.003
"Bustillos, Shannon",2015,Sr,Maryland,-0.003
"Butera, Ashley",2014,Jr,Nevada,-0.078
"Butera, Ashley",2015,Sr,Nevada,-0.078
"Butler, Morgan",2014,Jr,Grambling,0.009
"Butler, Morgan",2015,Sr,Grambling,0.009
"Buttacavoli, Brina",2015,Fr,Utah St.,0.010
"Butts, Shannon",2014,Sr,Green Bay,-0.059
"Byrne, Taylar",2015,Fr,Charlotte,-0.189
"Caggiano, Liz",2014,Jr,Columbia,-0.038
"Caggiano, Liz",2015,Sr,Columbia,-0.038
"Cahill, Holiday",2014,Fr,Towson,0.051
"Cahill, Holiday",2015,So,Towson,0.051
"Capitini, Geena",2015,N/A,Bethune-Cookman,-0.059
"Cardon, Bernadette",2014,So,Army West Point,-0.018
"Cardon, Bernadette",2015,Jr,Army West Point,-0.018
"Cargill, Lindsey",2014,Fr,Baylor,0.061
"Cargill, Lindsey",2015,So,Baylor,0.061
"Carmona, Marina",2014,Fr,FIU,0.099
"Carney, Alexis",2014,Fr,UC Davis,0.056
"Carney, Alexis",2015,So,UC Davis,0.056
"Carroll, C.",2014,N/A,Nicholls St.,-0.028
"Carroll, Caitlyn",2015,So,Nicholls St.,-0.028
"Carter, Ashley",2014,Jr,Bakersfield,0.059
"Carter, Ashley",2015,Sr,Bakersfield,0.059
"Carter, Riley",2014,So,Butler,-0.061
"Carter, Riley",2015,Jr,Butler,-0.061
"Castillo, Tiffany",2014,So,Sam Houston St.,-0.064
"Castillo, Tiffany",2015,Jr,Sam Houston St.,-0.064
"Castle, Kasandra",2015,Fr,FGCU,0.117
"Cavin, Miranda",2014,Fr,Oklahoma St.,-0.045
"Cavin, Miranda",2015,So,Oklahoma St.,-0.045
"Cenal, Kalyn",2014,So,UCF,0.002
"Cenal, Kalyn",2015,Jr,UCF,0.002
"Cervantez, Autumn",2014,Fr,North Dakota,-0.052
"Cervantez, Autumn",2015,So,North Dakota,-0.052
"Chaffee, Taylor",2014,So,Binghamton,-0.006
"Chaffee, Taylor",2015,Jr,Binghamton,-0.006
"Chambers, Ashlie",2014,Fr,Drake,0.139
"Chambers, Ashlie",2015,So,Drake,0.139
"Chamblee, Nella",2014,Fr,UNCW,-0.037
"Chamblee, Nella",2015,So,UNCW,-0.037
"Chan, Kimberly",2014,Fr,Drexel,0.038
"Chan, Kimberly",2015,So,Drexel,0.038
"Chasier, Stephanie",2014,Fr,Saint Joseph's,0.023
"Chasier, Stephanie",2015,So,Saint Joseph's,0.023
"Chastain, Heather",2014,Jr,Western Caro.,-0.036
"Chastain, Heather",2015,Sr,Western Caro.,-0.036
"Chaulklin, Alyssa",2014,Jr,Colgate,0.039
"Chaulklin, Alyssa",2015,Sr,Colgate,0.039
"Chaw, Karen",2014,Fr,Dartmouth,-0.038
"Chaw, Karen",2015,So,Dartmouth,-0.038
"Cheatham, Macey",2014,So,Florida St.,-0.110
"Cheatham, Macey",2015,Jr,Florida St.,-0.110
"Chernak, Kelsey",2014,N/A,East Tenn. St.,0.040
"Chernak, Kelsey",2015,Fr,East Tenn. St.,0.040
"Chimento, Jordan",2015,Fr,Boston College,-0.024
"Christensen, Sydney",2015,Fr,Baylor,0.011
"Christian, Marci",2015,Sr,Charleston So.,-0.014
"Christopher, Caitlin",2014,Jr,UMKC,-0.069
"Christopher, Caitlin",2015,Sr,UMKC,-0.069
"Clark, Allyne",2015,Jr,Iona,-0.059
"Clarke, Jordan",2014,Sr,Campbell,-0.085
"Clayson, Ashley",2014,Fr,Southern Utah,0.011
"Clayson, Ashley",2015,So,Southern Utah,0.011
"Claytor, Madison",2014,Fr,Ohio,0.046
"Claytor, Madison",2015,So,Ohio,0.046
"Clowdus, Nicole",2014,So,Loyola Marymount,-0.057
"Clowdus, Nicole",2015,Jr,Loyola Marymount,-0.057
"Cochiolo, Mariah",2014,Sr,Cal Poly,-0.010
"Cochran, Phalen",2014,Fr,UC Davis,-0.073
"Cochran, Phalen",2015,So,UC Davis,-0.073
"Coffey, Caitlyn",2014,Jr,Georgia Tech,-0.038
"Coffey, Caitlyn",2015,Sr,Georgia Tech,-0.038
"Coil, Braxton",2014,So,Missouri St.,0.027
"Coil, Braxton",2015,Jr,Missouri St.,0.027
"Coldiron, Adeline",2014,Fr,Northern Colo.,0.000
"Coldiron, Adeline",2015,So,Northern Colo.,0.000
"Cole, Hannah",2014,Jr,Eastern Ill.,0.010
"Cole, Hannah",2015,Sr,Eastern Ill.,0.010
"Colenzo, Sydney",2014,Fr,Cal St. Fullerton,-0.051
"Colenzo, Sydney",2015,So,Cal St. Fullerton,-0.051
"Collins, Taylor",2014,So,Furman,-0.055
"Collins, Taylor",2015,Jr,Furman,-0.055
"Conchas, Daisy",2015,Fr,San Jose St.,-0.054
"Conley, Stacey",2014,Sr,McNeese St.,0.006
"Connors, Bridget",2014,Fr,Siena,0.010
"Connors, Bridget",2015,So,Siena,0.010
"Connors, Kaitlin",2014,Jr,San Diego St.,0.051
"Connors, Kaitlin",2015,Sr,San Diego St.,0.051
"Coonrod, Rachel",2014,Sr,SIUE,-0.054
"Cooper, Hannah",2014,So,Central Conn. St.,0.035
"Cooper, Hannah",2015,Jr,Central Conn. St.,0.035
"Corder, Kendall",2014,Sr,Bryant,0.051
"Corry, Beverly",2014,Jr,Lamar,-0.053
"Cortez, Tatiana",2014,Fr,Boston College,-0.032
"Cortez, Tatiana",2015,So,Boston College,-0.032
"Cosentino, Chelsy",2014,Sr,Saint Francis (PA),-0.083
"Cothron, Rena'",2014,Sr,Lipscomb,0.056
"Cottle, Jennifer",2015,N/A,Detroit,-0.035
"Craft, Jessica",2014,Jr,Ball St.,0.045
"Craft, Jessica",2015,Sr,Ball St.,0.045
"Crawford, Randee",2014,Fr,UTSA,0.012
"Crawford, Randee",2015,So,UTSA,0.012
"Crews, Chelsea",2014,Jr,Saint Peter's,-0.140
"Crews, Chelsea",2015,Sr,Saint Peter's,-0.140
"Crow, Kady",2014,So,Texas Tech,0.001
"Cruse, Bayli",2015,Fr,Tennessee Tech,0.003
"Cudney, Elizabeth",2014,Sr,North Dakota,0.003
"Cullen, Rachel",2015,Fr,Penn,0.031
"Cumiskey, Rachel",2015,Fr,Gardner-Webb,-0.055
"Curtis, Brooke",2015,Fr,South Dakota,-0.007
"Curtiss, Alexis",2014,Jr,Buffalo,-0.050
"Curtiss, Alexis",2015,Sr,Buffalo,-0.050
"Cutrona, Lisa",2014,Sr,Binghamton,0.050
"Dailey, Robbie",2014,Jr,La.-Monroe,-0.099
"Dailey, Robbie",2015,Sr,La.-Monroe,-0.099
"Daly, Allie",2014,Jr,South Dakota,-0.033
"Daly, Allie",2015,Sr,South Dakota,-0.033
"Daly, Jordan",2014,So,Belmont,0.042
"Daly, Jordan",2015,Jr,Belmont,0.042
"Daneker, Amanda",2014,Fr,Coastal Caro.,0.059
"Daneker, Amanda",2015,So,Coastal Caro.,0.059
"Daniels, Bria",2015,Fr,Mississippi Val.,-0.046
"Danner, Tori",2015,Fr,Iona,-0.011
"Dascoli, Angie",2014,Sr,Kennesaw St.,0.093
"David, Brooke",2015,Jr,McNeese St.,0.021
"Davies, Emilia",2015,Jr,UMass Lowell,-0.022
"Davila, Kris",2014,Jr,Houston,0.083
"Davila, Kris",2015,Sr,Houston,0.083
"Davis, Mylee",2014,Jr,Weber St.,0.001
"Day, Hannah",2015,N/A,Troy,0.108
"Decker, Taylor",2014,Fr,Canisius,-0.063
"Decker, Taylor",2015,So,Canisius,-0.063
"DeDomenico, Lindsey",2014,So,Sacred Heart,-0.058
"DeDomenico, Lindsey",2015,Jr,Sacred Heart,-0.058
"DeLaGarza, Cheyenne",2014,Sr,Northwestern St.,0.072
"Delagrange, Jaclyn",2015,Fr,Green Bay,0.046
"DeLamielleure, Chelsea",2014,Jr,Central Mich.,-0.064
"DeLamielleure, Chelsea",2015,Jr,Central Mich.,-0.064
"Delamielleure, Cory",2014,Sr,Central Mich.,-0.066
"De La Torre, Dana",2015,Fr,Utah Valley,-0.102
"DeLio, Georgi",2014,Fr,Charleston So.,-0.031
"DeLio, Georgi",2015,So,Charleston So.,-0.031
"Deloney, Chelsey",2014,Fr,Belmont,-0.103
"Deloney, Chelsey",2015,So,Belmont,-0.103
"de los Reyes, Jordan",2014,Fr,Illinois St.,-0.027
"de los Reyes, Jordan",2015,So,Illinois St.,-0.027
"DeMarco, Bethany",2014,So,Canisius,0.015
"DeMarco, Bethany",2015,Jr,Canisius,0.015
"DeSchepper, Kayla",2014,Fr,Hampton,-0.115
"DeSchepper, Kayla",2015,So,Hampton,-0.115
"Devlin, Dani",2014,Fr,Northern Ky.,-0.112
"Devlin, Dani",2015,So,Northern Ky.,-0.112
"Dewes, Alyssa",2014,Fr,Syracuse,0.031
"Dewes, Alyssa",2015,So,Syracuse,0.031
"Di Fulgo, Sommer",2014,Jr,Norfolk St.,-0.047
"Di Fulgo, Sommer",2015,Sr,Norfolk St.,-0.047
"Dillard, Kristina",2014,Fr,Louisville,-0.004
"Dillard, Kristina",2015,So,Louisville,-0.004
"Dillon, Eryn",2014,Jr,IUPUI,0.132
"Dillon, Eryn",2015,Sr,IUPUI,0.132
"Dinner, Dominique",2014,Sr,San Diego St.,0.027
"Dionne, Hannah",2014,So,Saint Joseph's,-0.032
"Dionne, Hannah",2015,Jr,Saint Joseph's,-0.032
"Ditto, Campbell",2014,So,Omaha,-0.037
"Ditto, Campbell",2015,Jr,Omaha,-0.037
"Dobbins, Alexandra",2015,Fr,Mississippi Val.,0.042
"Doerre, Katie",2014,So,Texas St.,-0.045
"Doerre, Katie",2015,Jr,Texas St.,-0.045
"Dominguez, Sara",2015,Fr,Seattle,-0.041
"Dominiguez, Alexiss",2014,So,N.C. A&T,0.002
"Dominiguez, Alexiss",2015,Jr,N.C. A&T,0.002
"Donovan, Kathryn",2014,Jr,UMass Lowell,-0.133
"Dos Santos, Samantha",2014,Jr,George Washington,-0.143
"Dos Santos, Samantha",2015,Sr,George Washington,-0.143
"Doss, Tiffany",2015,N/A,Grambling,-0.065
"Doston, Kelsey",2014,So,Indiana,0.067
"Doston, Kelsey",2015,Jr,Indiana,0.067
"Drake, Ivie",2015,Fr,Georgia St.,-0.083
"Dreher, Annie",2014,Sr,Sacred Heart,-0.099
"Dubois, Jacklyn",2014,So,UConn,-0.167
"Dubois, Jacklyn",2015,Jr,UConn,-0.167
"Duffy, Aoife",2014,So,Eastern Mich.,-0.015
"Duffy, Aoife",2015,Jr,Eastern Mich.,-0.015
"Duffy, Drew",2015,Fr,Wagner,0.048
"Duffy, Kendall",2014,So,Bradley,-0.029
"Duffy, Kendall",2015,Jr,Bradley,-0.029
"Dukes, Laura",2015,Sr,Lipscomb,-0.037
"Dukes, Laura",2014,Jr,Middle Tenn.,0.039
"Dunn, Kori",2015,Fr,FGCU,-0.012
"Duran, Kathryn",2014,So,Pittsburgh,-0.014
"Duran, Kathryn",2015,Jr,Pittsburgh,-0.014
"Dvorak, Rebecca",2015,Fr,Lafayette,0.007
"Dzienkowski, Kathy",2014,So,Dartmouth,0.032
"Dzienkowski, Kathy",2015,Jr,Dartmouth,0.032
"Earnhardt, Ashton",2014,Fr,Buffalo,-0.015
"Earnhardt, Ashton",2015,So,Buffalo,-0.015
"Eby, Tess",2015,Fr,SIUE,0.119
"Edmands, Dani",2014,So,Quinnipiac,0.041
"Edmands, Dani",2015,Jr,Quinnipiac,0.041
"Edmonds, Sabrina",2014,Sr,N.C. A&T,0.066
"Edwards, Noelle",2014,N/A,Coppin St.,-0.020
"Edwards, Noelle",2015,Fr,Coppin St.,-0.020
"Edwards, Taylor",2014,Sr,Nebraska,0.073
"Ekart, Amy",2014,Sr,Boston U.,0.020
"Elkins, Lexie",2014,So,La.-Lafayette,0.033
"Elkins, Lexie",2015,Jr,La.-Lafayette,0.033
"Ellis, Whitney",2014,So,Oklahoma,-0.002
"Ellis, Whitney",2015,Jr,Oklahoma,-0.002
"Elvina, Gabriela",2014,Fr,Georgetown,-0.024
"Elvina, Gabriela",2015,So,Georgetown,-0.024
"Engel, Rachel",2014,So,North Florida,-0.056
"Engram, Shamaria",2014,Jr,Bethune-Cookman,0.008
"Engram, Shamaria",2015,Sr,Bethune-Cookman,0.008
"Ennis, Whitney",2015,Fr,IPFW,-0.062
"Entzminger, Emma",2015,Fr,San Jose St.,0.076
"Ernst, Lani",2014,Sr,Toledo,0.000
"Esposito, Mia",2014,So,Incarnate Word,0.106
"Evangelista, Morgan",2015,Fr,Bowling Green,0.118
"Evans, Chelsea",2014,Sr,Robert Morris,0.140
"Everett, Kacey",2014,Fr,Texas-Arlington,0.049
"Everett, Kacey",2015,So,Texas-Arlington,0.049
"Fagan, Sami",2014,So,Missouri,0.011
"Fagan, Sami",2015,Jr,Missouri,0.011
"Falk, Aidan",2015,Fr,Michigan,0.012
"Farmer, Kassi",2014,So,Indiana,0.094
"Farmer, Kassi",2015,Jr,Indiana,0.094
"Favors, Tacresha",2014,Fr,Alabama St.,-0.009
"Favors, Tacresha",2015,Jr,Alabama St.,-0.009
"Fenichel, Abby",2015,Fr,Lipscomb,0.152
"Ferraro, Jillian",2014,N/A,North Carolina,0.016
"Ferraro, Jillian",2015,Fr,North Carolina,0.016
"Field, Erica",2014,So,James Madison,0.025
"Field, Erica",2015,Jr,James Madison,0.025
"Fields, Molly",2015,Fr,Missouri St.,0.056
"Finley, Keilani",2014,Fr,Quinnipiac,-0.116
"Finley, Keilani",2015,So,Quinnipiac,-0.116
"Finley, Mckenzey",2014,Jr,UTEP,0.016
"Fira, Riley",2014,Fr,Texas-Arlington,-0.003
"Fisher, Jamie",2014,Sr,UNI,-0.001
"Fitchner, Molly",2014,Sr,Alabama,-0.041
"Fleckenstein, Theresa",2014,Fr,Niagara,-0.043
"Flego, Marie",2014,Sr,Providence,-0.045
"Fleming, Mickaela",2015,So,Evansville,-0.045
"Fletcher, Danielle",2014,Sr,Purdue,0.103
"Flores, Alex",2014,Fr,Portland St.,-0.010
"Flores, Alex",2015,So,Portland St.,-0.010
"Fogel, Emj",2014,Jr,Maine,0.053
"Fogel, Emj",2015,Sr,Maine,0.053
"Fontaine, Kimberly",2014,So,Morgan St.,-0.046
"Fontaine, Kimberly",2015,Jr,Morgan St.,-0.046
"Ford, Amanda",2015,N/A,Prairie View,-0.120
"Forkin, Ellie",2014,Fr,Syracuse,0.009
"Foulks, Logan",2014,Sr,Mississippi St.,0.108
"Fowler, Caitlyn",2014,Sr,Southeastern La.,-0.035
"Fowler, Taner",2014,Sr,Louisville,0.048
"Fox, Stacey",2014,Sr,Rhode Island,-0.053
"Foyer, Jordan",2014,Jr,Ark.-Pine Bluff,-0.032
"Foyer, Jordan",2015,Sr,Ark.-Pine Bluff,-0.032
"Fraccastoro, Taylor",2015,Fr,Stephen F. Austin,-0.035
"Frankhouse, Kara",2014,So,Bakersfield,-0.077
"Freeman,",2014,N/A,Marist,0.087
"Freeman, Amber",2014,Jr,Arizona St.,0.096
"Freeman, Amber",2015,Sr,Arizona St.,0.096
"Freeman, Rebecca",2015,So,Marist,0.087
"Freese, Jill",2014,So,Monmouth,-0.127
"Freese, Jill",2015,Jr,Monmouth,-0.127
"Fried, Sawyer",2014,Fr,Hartford,-0.012
"Fried, Sawyer",2015,So,Hartford,-0.012
"Friloux, Alexandra",2014,So,UMKC,0.065
"Friloux, Alexandra",2015,Jr,UMKC,0.065
"Fritz, Lacey",2014,Fr,Southeastern La.,-0.097
"Fritz, Lacey",2015,So,Southeastern La.,-0.097
"Fuller, Taylore",2014,So,Florida,0.119
"Fuller, Taylore",2015,Jr,Florida,0.119
"Fung, Mia",2015,Fr,South Fla.,0.099
"Galasso, Vicky",2014,Jr,Idaho St.,0.060
"Galasso, Vicky",2015,Sr,Idaho St.,0.060
"Gallant, Stephanie",2014,Jr,Illinois St.,0.036
"Gallant, Stephanie",2015,Sr,Illinois St.,0.036
"Gambone, Lauren",2015,N/A,Buffalo,-0.027
"Gano, Courtney",2014,So,Washington,0.072
"Gano, Courtney",2015,Jr,Washington,0.072
"Garcia, Alejandra",2015,Fr,Cal Poly,-0.066
"Garcia, Jessica",2014,Sr,San Jose St.,-0.041
"Garcia, Linda",2015,Fr,UTEP,0.024
"Garcia, P",2014,N/A,Ark.-Pine Bluff,-0.073
"Garcia, P",2015,Fr,Ark.-Pine Bluff,-0.073
"Gardner, B.",2014,N/A,Prairie View,-0.052
"Gardner, B.",2015,Fr,Prairie View,-0.052
"Gardner, Julie",2014,Fr,Radford,0.008
"Gardner, Kali",2014,So,DePaul,0.065
"Gardner, Kali",2015,Jr,DePaul,0.065
"Gargicevich-Almeida, Alessandra",2014,Fr,Georgetown,-0.026
"Gargicevich-Almeida, Alessandra",2015,So,Georgetown,-0.026
"Gatlin, Brianna",2014,Fr,Utah Valley,-0.135
"Gatlin, Brianna",2015,So,Utah Valley,-0.135
"Gebele, Adrienne",2014,Jr,Ohio,0.074
"Gebele, Adrienne",2015,Sr,Ohio,0.074
"Gee, Jayme",2014,Sr,Arkansas,-0.002
"Germ, Emerie",2014,Jr,N.C. Central,0.021
"Germ, Emerie",2015,Sr,N.C. Central,0.021
"Gialketsis, Nikki",2014,Fr,Sacramento St.,0.045
"Gialketsis, Nikki",2015,So,Sacramento St.,0.045
"Giaquinto, Sophie",2014,Jr,Cornell,0.088
"Giaquinto, Sophie",2015,Sr,Cornell,0.088
"Gloady, Kayla",2014,Fr,LIU Brooklyn,-0.101
"Gloady, Kayla",2015,So,LIU Brooklyn,-0.101
"Godin, Olivia",2014,So,Massachusetts,-0.118
"Godin, Olivia",2015,Jr,Massachusetts,-0.118
"Gomes, Amanda",2014,Jr,Gardner-Webb,-0.035
"Gomes, Amanda",2015,Sr,Gardner-Webb,-0.035
"Gomez, Celeste",2014,Sr,Florida St.,-0.028
"Gonzalez, De",2014,N/A,St. Bonaventure,-0.030
"Gonzalez, Desiree",2015,So,St. Bonaventure,-0.030
"Gonzalez, Niki",2015,Fr,Mt. St. Mary's,-0.100
"Goodacre, Chelsea",2014,Jr,Arizona,-0.018
"Goodacre, Chelsea",2015,Sr,Arizona,-0.018
"Goodwin, Georganna",2014,So,Memphis,0.081
"Goodwin, Georganna",2015,Jr,Memphis,0.081
"Gorney, Elysse",2014,Sr,Penn,-0.007
"Grabowski, Mary",2014,So,San Diego,-0.045
"Grabowski, Mary",2015,Jr,San Diego,-0.045
"Granata, Kim",2014,So,North Dakota,-0.112
"Grant, Kirsty",2014,Sr,North Carolina St.,-0.020
"Green, Corrin",2015,Fr,New Mexico St.,-0.008
"Gresley, J.",2014,N/A,Alcorn,-0.096
"Gresley, J.",2015,Fr,Alcorn,-0.096
"Griffin, Jessica",2014,So,Stetson,0.054
"Griffin, Jessica",2015,Jr,Stetson,0.054
"Grochow, Kelsey",2014,Sr,South Carolina St.,-0.018
"Gross, Kylie",2015,Fr,Toledo,0.005
"Gross, Rebbeka",2014,Fr,Tennessee St.,0.008
"Groves, Chandler",2014,Fr,Austin Peay,-0.049
"Groves, Chandler",2015,So,Austin Peay,-0.049
"Guenther, Chelsea",2014,Jr,Texas Southern,-0.078
"Guenther, Chelsea",2015,Sr,Texas Southern,-0.078
"Guitreau, Hailey",2014,N/A,Southern U.,0.004
"Guitreau, Hailey",2015,Jr,Southern U.,0.004
"Gumz, Paige",2014,So,Fresno St.,0.088
"Gumz, Paige",2015,Jr,Fresno St.,0.088
"Gunn, Caitlin",2015,Jr,Houston Baptist,0.072
"Gurganus, Jordan",2014,Fr,Robert Morris,-0.042
"Gurganus, Jordan",2015,So,Robert Morris,-0.042
"Habitz, Karlie",2014,So,Penn St.,-0.061
"Hackett, Lauren",2014,So,Robert Morris,-0.009
"Hackett, Lauren",2015,Jr,Robert Morris,-0.009
"Hagberg, Lindsey",2014,Fr,Harvard,-0.040
"Hagberg, Lindsey",2015,So,Harvard,-0.040
"Haley, Paige",2014,N/A,Winthrop,-0.009
"Haley, Paige",2015,So,Winthrop,-0.009
"Hall, Taylor",2014,Jr,UMBC,0.014
"Hall, Taylor",2015,Sr,UMBC,0.014
"Hamilton, A.J.",2014,So,Ga. Southern,-0.037
"Hamilton, A.J.",2015,Jr,Ga. Southern,-0.037
"Hampton, Erica",2014,Jr,Ill.-Chicago,0.025
"Hampton, Erica",2015,Sr,Ill.-Chicago,0.025
"Hampton, Kaylah",2015,Fr,Purdue,-0.094
"Hargett, Casey",2015,Jr,N.C. Central,-0.073
"Harmon, Marley",2014,Fr,Western Ky.,0.051
"Harper, Cheyenne",2014,N/A,Utah St.,-0.020
"Harrell, Morgan",2014,Sr,Murray St.,0.006
"Harris, Kassie",2015,Fr,Louisiana Tech,0.041
"Harris, Morgan",2015,Fr,Middle Tenn.,-0.037
"Hartman, Rachel",2014,Fr,Iowa St.,-0.106
"Hartman, Rachel",2015,So,Iowa St.,-0.106
"Hart, Sydney",2014,N/A,Utah St.,-0.041
"Hart, Sydney",2015,So,Utah St.,-0.052
"Harvey, Rachel",2014,Fr,Maine,-0.026
"Harvey, Rachel",2015,So,Maine,-0.026
"Haskell, Lindsey",2014,So,Albany (NY),0.045
"Haskell, Lindsey",2015,Jr,Albany (NY),0.045
"Haslinger, Emily",2014,So,UNLV,-0.037
"Haslinger, Emily",2015,Jr,UNLV,-0.037
"Hassell, Cariona",2015,Fr,Tennessee St.,-0.081
"Hatfield, Kasie",2014,Sr,Penn St.,-0.023
"Hawkins, Brandi",2014,Jr,Lehigh,0.051
"Hawkins, Brandi",2015,Sr,Lehigh,0.051
"Hawkins, Maggie",2015,Jr,North Carolina St.,-0.022
"Hawthorne, Sandy",2014,So,Delaware St.,-0.107
"Hawthorne, Sandy",2015,Jr,Delaware St.,-0.107
"Hayes, Riley",2015,Fr,Southeast Mo. St.,-0.021
"Hazel, Andrea",2014,So,St. Mary's (CA),0.037
"Hazel, Andrea",2015,Jr,St. Mary's (CA),0.037
"Healey, Lyndsey",2014,Jr,Southern Utah,0.062
"Healey, Lyndsey",2015,Sr,Southern Utah,0.062
"Heinze, Rachel",2014,Fr,Mt. St. Mary's,-0.003
"Heinze, Rachel",2015,So,Mt. St. Mary's,-0.003
"Henderson, Danielle",2014,Jr,California,0.006
"Henderson, Danielle",2015,Sr,California,0.006
"Henderson, Sam",2014,Jr,Detroit,-0.002
"Henderson, Sam",2015,Sr,Detroit,-0.002
"Hensley, Emilie",2014,So,East Tenn. St.,0.000
"Hensley, Emilie",2015,Jr,East Tenn. St.,0.000
"Herman, Melissa",2014,Jr,Houston Baptist,0.023
"Herman, Melissa",2015,Sr,Houston Baptist,0.023
"Hess, Kathryn",2014,So,Dayton,0.105
"Hess, Kathryn",2015,Jr,Dayton,0.105
"Hiers, Shelby",2014,Fr,Arkansas,-0.029
"Hiers, Shelby",2015,So,Arkansas,-0.029
"Higgins, Lexie",2015,Fr,Samford,0.019
"Hignojos, Mia",2014,Jr,New Mexico,0.030
"Hignojos, Mia",2015,Sr,New Mexico,0.030
"Hildreth, Sammie",2015,Jr,Iowa St.,-0.094
"Hill, Alexis",2015,Fr,Austin Peay,0.010
"Hill, Lyndsay",2014,Fr,Oakland,-0.024
"Hill, Lyndsay",2015,So,Oakland,-0.024
"Hill, Melony",2014,So,Alabama A&M,-0.090
"Hill, Melony",2015,Jr,Alabama A&M,-0.090
"Hindi, Perry",2015,So,Alabama St.,0.018
"Hislope, Allie",2015,Fr,Green Bay,-0.059
"Hoffman, Holly",2014,So,Iowa,-0.106
"Hoffman, Holly",2015,Jr,Iowa,-0.106
"Holley, Chelsey",2015,Fr,UC Riverside,-0.141
"Holmes, K.",2014,N/A,Nicholls St.,0.012
"Honaker, Megan",2014,So,Radford,-0.037
"Honaker, Megan",2015,Jr,Radford,-0.037
"Hooper, Katie",2014,Fr,CSUN,0.031
"Hooper, Katie",2015,So,CSUN,0.031
"Hooper, Marissa",2015,Fr,Incarnate Word,0.084
"Hoover, Cara",2014,So,Abilene Christian,-0.018
"Hoover, Cara",2015,Jr,Abilene Christian,-0.018
"Horne, Molly",2015,Fr,Weber St.,0.016
"Horner, Catherine",2014,So,Tulsa,0.135
"Horner, Catherine",2015,Jr,Tulsa,0.135
"Hosack, Clare",2014,Sr,Baylor,0.114
"House, Sydney",2014,Jr,CSUN,0.008
"Huckaby, Kashmir",2014,Fr,Nevada,0.106
"Huckaby, Kashmir",2015,So,Nevada,0.106
"Hudson, Nicole",2014,Jr,Northern Colo.,-0.023
"Hudson, Nicole",2015,Sr,Northern Colo.,-0.023
"Huenink, Taylor",2014,So,Niagara,0.030
"Hunt, Amy",2014,Fr,SIUE,0.058
"Hunt, Amy",2015,So,SIUE,0.058
"Hutchens, Jessie",2014,Sr,Radford,0.017
"Hutchison, Molly",2014,Fr,North Carolina St.,0.052
"Hutchison, Molly",2015,So,North Carolina St.,0.052
"Iannucci, Leanne",2014,So,Cornell,-0.052
"Iannucci, Leanne",2015,Jr,Cornell,-0.052
"Ingersoll, Chelsea",2014,Sr,Charlotte,-0.009
"Irvin, Mahaila",2014,Fr,Gardner-Webb,-0.113
"Irvin, Mahaila",2015,So,Gardner-Webb,-0.113
"Jackson, Sarah",2015,Fr,Eastern Ky.,-0.051
"Jaegers, Melanie",2014,Jr,Wichita St.,0.028
"Jaegers, Melanie",2015,Sr,Wichita St.,0.028
"James, Kate",2015,Jr,Arkansas,-0.028
"Jansson, Katie",2014,Sr,Iona,0.020
"Jaquish, Sahvanna",2014,Fr,LSU,0.032
"Jaquish, Sahvanna",2015,So,LSU,0.032
"Jerpbak, Skye",2014,So,Princeton,-0.020
"Jerpbak, Skye",2015,Jr,Princeton,-0.020
"Johnson, Brianna",2015,Fr,Mississippi Val.,-0.041
"Johnson, Chelsea",2015,Fr,New Mexico,0.017
"Johnson, Erica",2014,Jr,Campbell,-0.005
"Johnson, Erica",2015,Sr,Campbell,-0.005
"Johnson, Gaylan",2014,Fr,Jackson St.,-0.092
"Johnson, Gaylan",2015,So,Jackson St.,-0.092
"Johnson, Kimberly",2014,Sr,Belmont,-0.026
"Johnston, Heather",2014,N/A,Troy,0.129
"Johnston, Heather",2015,Jr,Troy,0.129
"Johson, Ashley",2014,So,UAB,-0.013
"Johson, Ashley",2015,Jr,UAB,-0.013
"Joiner, Griffin",2014,Jr,Kentucky,0.135
"Joiner, Griffin",2015,Sr,Kentucky,0.135
"Jones, Sydney",2015,Fr,Southern Ill.,-0.136
"Jones, Victoria",2014,Sr,California,-0.207
"Jordan, Annie",2014,So,Grand Canyon,-0.100
"Jordan, Annie",2015,Jr,Grand Canyon,-0.100
"Jordan, Jenna",2015,N/A,Northern Colo.,-0.008
"Joyner, Jurie",2015,Fr,Penn,-0.028
"Kalina, Maison",2015,Fr,Central Mich.,-0.003
"Kane, Kayla",2014,Fr,Detroit,-0.054
"Kane, Kayla",2015,So,Detroit,-0.054
"Keegan, Megan",2014,So,North Dakota,0.071
"Keegan, Megan",2015,Jr,North Dakota,0.071
"Kennedy, Kelly",2015,So,Tennessee Tech,-0.018
"Keough, Alicia",2014,So,Central Conn. St.,-0.129
"Keough, Alicia",2015,Sr,Central Conn. St.,-0.129
"Kilpatrick, Mckenzie",2014,Jr,Auburn,0.005
"Kilpatrick, Mckenzie",2015,Sr,Auburn,0.005
"King, Brianna",2014,So,Iona,0.093
"King, Brianna",2015,Jr,Iona,0.093
"King, Melissa",2014,Jr,UMass Lowell,-0.069
"King, Melissa",2015,Sr,UMass Lowell,-0.069
"Kipp, Alayna",2014,Jr,Louisiana Tech,-0.019
"Kitterman, Sarah",2014,Jr,Providence,-0.035
"Kitterman, Sarah",2015,Sr,Providence,-0.035
"Kitts, Katie",2014,So,George Mason,0.021
"Kitts, Katie",2015,Jr,George Mason,0.021
"Kleinsmith, Jackie",2014,Jr,Charlotte,-0.102
"Kleinsmith, Jackie",2015,Sr,Charlotte,-0.102
"Kliebenstein, Sharla",2014,Sr,Hawaii,-0.038
"Klingler, Courtney",2014,So,Campbell,0.034
"Kloss, Kellsi",2014,So,LSU,0.065
"Kloss, Kellsi",2015,Jr,LSU,0.065
"Kolar, Dara",2014,Fr,Idaho St.,-0.014
"Kolar, Dara",2015,So,Idaho St.,-0.014
"Koons, Jolene",2014,Jr,Utah St.,0.079
"Korth, Annie",2014,Jr,Loyola Chicago,-0.066
"Korth, Annie",2015,Sr,Loyola Chicago,-0.066
"Kuchta, Sabrina",2015,Fr,DePaul,-0.039
"Kulback, Jenna",2014,So,Lafayette,-0.010
"Kuroda, Gabriela",2015,Jr,Drexel,-0.016
"Lacatena, Maria",2014,Fr,Youngstown St.,0.078
"Lacatena, Maria",2015,So,Youngstown St.,0.078
"LaCivita, Katy",2014,So,Loyola Chicago,-0.193
"LaCivita, Katy",2015,Jr,Loyola Chicago,-0.193
"Lack, Ranel",2015,Fr,Hawaii,-0.014
"Landrith, Robin",2014,So,Baylor,0.068
"Landrith, Robin",2015,Jr,Baylor,0.068
"Lang, Abigail",2014,Jr,Holy Cross,-0.002
"Lang, Abigail",2015,Sr,Holy Cross,-0.002
"Lang, Kari",2014,Sr,Northern Ky.,-0.059
"Lanier, Emily",2014,Sr,FGCU,0.036
"Larios, Jo",2015,So,Bakersfield,-0.130
"LaRosa, Stephany",2014,Jr,UCLA,-0.009
"LaRosa, Stephany",2015,Sr,UCLA,-0.009
"Larrabee,",2015,N/A,Bucknell,-0.049
"Larsen, Samantha",2014,N/A,Utah St.,-0.058
"Laudano, Faith",2014,So,Seton Hall,-0.070
"Laudano, Faith",2015,Jr,Seton Hall,-0.070
"Lawrence, Olivia",2014,Jr,South Carolina,-0.035
"Lawrence, Olivia",2015,Sr,South Carolina,-0.035
"Laxamana, Alleah",2014,Fr,California,-0.091
"Laxamana, Alleah",2015,So,California,-0.091
"Leahy, Randel",2015,Fr,Texas,0.055
"Ledbetter, Kayla",2014,Sr,Miami (OH),0.042
"Lee, Brittany",2014,Fr,Texas Tech,0.045
"Lee, Brittany",2015,So,Texas Tech,0.045
"Lee, Kat",2015,Fr,Miami (OH),0.012
"Lee, Stephanie",2014,So,St. Mary's (CA),-0.035
"Lee, Stephanie",2015,Jr,St. Mary's (CA),-0.035
"Leichty, Maria",2014,Jr,Butler,-0.066
"Leichty, Maria",2015,Sr,Butler,-0.066
"Leighton, Robyn",2015,Fr,Morehead St.,0.000
"LeMay, Taylor",2014,So,Minnesota,0.162
"LeMay, Taylor",2015,Jr,Minnesota,0.162
"Lenahan, Sam",2014,Sr,Mississippi St.,-0.067
"Leonard, Erika",2014,So,Ohio St.,0.011
"Leonard, Erika",2015,Jr,Ohio St.,0.011
"Letourneau, Hollie",2014,Fr,La.-Monroe,-0.139
"Letourneau, Hollie",2015,So,La.-Monroe,-0.139
"Lindahl, Amber",2014,Sr,Memphis,-0.148
"Lindvall, Janelle",2014,So,Oregon,0.159
"Lindvall, Janelle",2015,Jr,Oregon,0.159
"Lingl, Bri",2014,Jr,Creighton,0.058
"Lisenby, Christy",2014,Fr,Baylor,-0.002
"Lisenby, Christy",2015,So,Baylor,-0.002
"Liseth, Lauren",2014,Sr,Fairfield,0.070
"Lombardi, Lauren",2014,Fr,Long Beach St.,-0.004
"Lombardi, Lauren",2015,So,Long Beach St.,-0.004
"Lombardo, Kayla",2014,Jr,Fordham,-0.026
"Lombardo, Kayla",2015,Sr,Fordham,-0.026
"Long, J.",2014,N/A,Prairie View,0.069
"Long, J.",2015,Fr,Prairie View,0.069
"Long, Jessica",2014,Sr,Lehigh,-0.010
"Lopez, Aleima",2014,So,FIU,0.167
"Lopez, Aleima",2015,Jr,FIU,0.167
"Lopez, Shontel",2014,Sr,Prairie View,-0.102
"Lopez, Shontel",2015,N/A,Prairie View,-0.092
"Low, Megan",2014,Jr,UTSA,0.004
"Low, Megan",2015,Sr,UTSA,0.004
"Lucas, Katalin",2014,So,Marshall,-0.152
"Lucas, Katalin",2015,Jr,Marshall,-0.152
"Luety, Gabby",2014,Sr,Fordham,-0.036
"Lundstrom, Nicole",2014,Fr,Syracuse,0.004
"Ly, Jenny",2014,Jr,Howard,0.077
"Ly, Jenny",2015,Sr,Howard,0.077
"Mack, Kirsten",2014,Fr,Missouri,-0.017
"Mack, Kirsten",2015,So,Missouri,-0.017
"MacLeod, Laruen",2015,Fr,Long Beach St.,0.073
"Maddox, Sierra",2015,Fr,Rutgers,0.033
"Mahar, Alina",2015,Fr,Northern Ky.,0.017
"Maiden, Brianna",2014,Jr,Grambling,-0.001
"Maiden, Brianna",2015,Sr,Grambling,-0.001
"Maioran, Angela",2014,Jr,George Mason,0.051
"Maioran, Angela",2015,Sr,George Mason,0.051
"Manzanares, Jaelyn",2014,So,Colorado St.,-0.007
"Manzanares, Jaelyn",2015,Jr,Colorado St.,-0.007
"Maples, Mackenzie",2014,Jr,Col. of Charleston,0.020
"Maples, Mackenzie",2015,Sr,Col. of Charleston,0.020
"Marcet, Brittany",2014,Sr,Nicholls St.,-0.025
"March, Sarah",2014,Fr,Niagara,0.002
"March, Sarah",2015,So,Niagara,0.002
"Marino, Christine",2015,Sr,FGCU,-0.039
"Marlink,",2014,N/A,Central Mich.,-0.027
"Marlink, Danielle",2015,So,Central Mich.,-0.027
"Marshall, Jennifer",2014,Sr,Presbyterian,-0.040
"Martinet, Milly",2014,Fr,Campbell,0.022
"Martinez, Christina",2014,Fr,Bucknell,0.111
"Martinez, Christina",2015,So,Bucknell,0.111
"Martinez, Gabi",2014,Fr,Boston U.,0.048
"Martinez, Gabi",2015,So,Boston U.,0.048
"Martinez, Olivia",2014,Fr,Cal St. Fullerton,0.038
"Martinez, Olivia",2015,So,Cal St. Fullerton,0.038
"Massaro, Jamie",2014,Sr,Morehead St.,-0.102
"Massey, Celena",2014,Fr,Texas A&M,-0.029
"Massey, Celena",2015,So,Texas A&M,-0.029
"Masutani, Kryn",2014,Jr,San Jose St.,-0.156
"Masutani, Kryn",2015,Sr,San Jose St.,-0.156
"Maurer, Macy",2014,So,Southern U.,-0.058
"Maurer, Macy",2015,Jr,Southern U.,-0.058
"Maxwell, Addison",2015,Fr,Memphis,-0.026
"Maynard, Ashley",2015,So,Toledo,-0.010
"McAllister, Kacie",2014,Sr,Troy,-0.033
"McAnally, Leigh",2015,Fr,Ball St.,0.051
"McCloskey, Samantha",2014,So,UCF,0.078
"McCloskey, Samantha",2015,Jr,UCF,0.078
"McCord, Taylor",2015,Fr,Marshall,0.068
"McCrary, Paige",2014,Fr,Kent St.,-0.001
"McCrary, Paige",2015,So,Kent St.,-0.001
"McCray, Brittany",2014,Sr,Boise St.,-0.012
"McDilda, Cassidy",2015,Fr,Troy,0.024
"McDougall, Taylor",2014,Sr,Morgan St.,-0.084
"McGill, Jacqueline",2014,Jr,Western Ky.,0.016
"McGill, Jacqueline",2015,Sr,Western Ky.,0.016
"McGuire, Jamie",2014,Fr,Jacksonville St.,0.054
"McGuire, Jamie",2015,So,Jacksonville St.,0.054
"McIlvenna, Regan",2015,N/A,Prairie View,-0.013
"McInnes, Taiya",2014,N/A,Alabama A&M,-0.029
"McInnes, Taiya",2015,Fr,Alabama A&M,-0.029
"McIntyre, Shanyn",2014,Jr,Miami (OH),0.058
"McIntyre, Shanyn",2015,Sr,Miami (OH),0.058
"McJunkin, Katy",2014,Fr,Purdue,0.026
"McKee, Dre",2014,So,Oklahoma St.,-0.055
"McKee, Dre",2015,Jr,Oklahoma St.,-0.055
"McKeever, Morgan",2014,So,Southern Miss.,0.011
"McKeever, Morgan",2015,Jr,Southern Miss.,0.011
"McKinnon, Lexie",2014,Jr,UNLV,-0.037
"McKinnon, Lexie",2015,Sr,UNLV,-0.037
"McMahon, Bri",2015,N/A,Creighton,0.048
"McNew, Erica",2014,So,Cleveland St.,-0.027
"McNew, Erica",2015,Jr,Cleveland St.,-0.027
"McNulla, Brittany",2015,Fr,Virginia,-0.020
"McShane, Tarah",2014,Jr,Valparaiso,0.001
"McShane, Tarah",2015,Sr,Valparaiso,0.001
"Meckl, Renate",2014,Fr,UT Martin,0.024
"Meckl, Renate",2015,So,UT Martin,0.024
"Messer, Taylor",2014,Fr,Western Ill.,-0.022
"Messer, Taylor",2015,So,Western Ill.,-0.022
"Milam, Alison",2014,N/A,Troy,-0.072
"Miller, Alex",2015,Fr,Fla. Atlantic,-0.088
"Miller, Chloe",2014,Fr,Wisconsin,-0.032
"Miller, Chloe",2015,So,Wisconsin,-0.032
"Miller, Kaycee",2014,Jr,South Dakota St.,0.009
"Miller, Kaycee",2015,Sr,South Dakota St.,0.009
"Million, Carey",2014,Fr,Elon,0.024
"Million, Carey",2015,So,Elon,0.024
"Minneci,",2015,N/A,Bucknell,-0.035
"Mintari, Audrey",2014,Sr,IPFW,-0.102
"Modzelewski, Ashley",2014,Jr,McNeese St.,0.115
"Moeai, Brittany",2014,So,UCLA,0.017
"Moeai, Brittany",2015,Jr,UCLA,0.017
"Mokienko, Trista",2014,Fr,Bowling Green,-0.031
"Mokienko, Trista",2015,So,Bowling Green,-0.031
"Mooney, Sarah",2014,Jr,South Carolina,0.039
"Mooney, Sarah",2015,Sr,South Carolina,0.039
"Moore, Courtney",2014,Fr,Loyola Marymount,0.010
"Moore, Courtney",2015,So,Loyola Marymount,0.010
"Moore, M",2014,N/A,UC Santa Barbara,0.023
"Moore, Megan",2014,Fr,Wagner,-0.036
"Moore, Megan",2015,Jr,Wagner,-0.036
"Moore, Meshalon",2015,So,UC Santa Barbara,0.023
"Moran, Natalie",2014,Fr,Louisiana Tech,0.064
"Moran, Natalie",2015,So,Louisiana Tech,0.064
"Morgan, Nicole",2014,Sr,Texas A&M,-0.020
"Morris, Emily",2014,Sr,Evansville,-0.212
"Morris, Kate",2015,Sr,Tennessee St.,-0.127
"Morrison, Molly",2014,So,Georgetown,-0.045
"Morris, Susanne",2015,Fr,Cal Poly,0.067
"Morrow, Bubba",2014,Jr,Seattle,-0.046
"Morrow, Bubba",2015,Sr,Seattle,-0.046
"Morse, Brittney",2014,Fr,A&M-Corpus Chris,0.009
"Morse, Brittney",2015,So,A&M-Corpus Chris,0.009
"Munro, Aubree",2014,So,Florida,0.148
"Munro, Aubree",2015,Jr,Florida,0.148
"Murray, Amber",2014,Fr,Eastern Ky.,-0.091
"Murray, Amber",2015,So,Eastern Ky.,-0.091
"Mycek, Alex",2014,Fr,East Carolina,0.030
"Mycek, Alex",2015,So,East Carolina,0.030
"Mychko, Jenna",2014,Sr,Illinois,-0.027
"Myers-Cook, Madi",2014,Fr,George Washington,-0.111
"Naegele, Emily",2014,So,Northern Ill.,0.004
"Naegele, Emily",2015,Jr,Northern Ill.,0.004
"Namba, Kirstyn",2014,So,Utah St.,0.051
"Namba, Kirstyn",2015,Jr,Utah St.,0.033
"Nash, Trenece",2014,So,UMES,-0.010
"Nash, Trenece",2015,Jr,UMES,-0.010
"Nate, Taylor",2014,Fr,CSUN,-0.023
"Nate, Taylor",2015,So,CSUN,-0.023
"Neal, Ashley",2015,Fr,Jackson St.,-0.063
"Neal, Morghyn",2015,So,IPFW,0.017
"Nettling, Sammy",2015,Fr,Northwestern,-0.132
"Nicholas, Amanda",2015,Fr,Nevada,0.038
"Nicholas, Emma",2015,Fr,Cleveland St.,-0.031
"Noad, Morgan",2014,So,Coastal Caro.,0.062
"Noad, Morgan",2015,Jr,Coastal Caro.,0.062
"Noel, Megan",2015,Jr,Houston,0.024
"Noland, Sammi",2015,Jr,Oregon St.,-0.078
"Norrie, Kayla",2014,Sr,Portland St.,-0.087
"North, Jamie",2014,Jr,Utah Valley,0.070
"Norwood, Chelsea",2014,Fr,Butler,0.061
"Norwood, Chelsea",2015,So,Butler,0.061
"O'Donnell, Randee",2015,Fr,Oklahoma St.,0.040
"Ogburn, Emma",2015,Fr,Furman,0.019
"Ogle, Mandy",2014,Sr,Texas,-0.054
"Olson, Ashley",2015,Sr,Rhode Island,-0.071
"O'Mara, Bailey",2014,Fr,Pacific,0.014
"Onorato, Sarah",2014,Jr,Yale,-0.024
"Onorato, Sarah",2015,Sr,Yale,-0.024
"Orlando, Frankie",2014,Fr,San Diego St.,0.001
"Orlando, Frankie",2015,So,San Diego St.,0.001
"Ortega, Jenina",2014,Sr,North Dakota St.,0.027
"Outon, Haley",2014,Sr,Houston,-0.147
"Overstreet, Lexi",2014,So,Tennessee,0.132
"Overstreet, Lexi",2015,Jr,Tennessee,0.132
"Owens, Brooke",2014,Sr,Eastern Ill.,0.085
"Pace, Hannah",2014,Sr,Furman,0.029
"Pacheco, Shelby",2014,So,Utah,-0.226
"Pacheco, Shelby",2015,Jr,Utah,-0.226
"Padilla, Kylie",2014,Fr,Oregon St.,-0.048
"Page, Alexandra",2014,Fr,Bryant,0.017
"Page, Alexandra",2015,So,Bryant,0.017
"Paiotti, Nicole",2014,Fr,Saint Francis (PA),-0.064
"Paiotti, Nicole",2015,Fr,Saint Francis (PA),-0.064
"Palacios, Sashel",2014,Fr,Arizona St.,-0.031
"Palacios, Sashel",2015,So,Arizona St.,-0.031
"Panariello, Giana",2014,Fr,Harvard,-0.116
"Panariello, Giana",2015,So,Harvard,-0.116
"Park, Katie",2014,Fr,Virginia,-0.079
"Park, Katie",2015,So,Virginia,-0.079
"Parra, Marina",2014,Sr,Ole Miss,0.014
"Parrish, Amber",2014,Jr,North Carolina,0.021
"Parrish, Amber",2015,Sr,North Carolina,0.021
"Pasco, Jessica",2014,Fr,Pacific,0.055
"Pasco, Jessica",2015,So,Pacific,0.055
"Pasquale, Stephanie",2015,Sr,Nebraska,-0.084
"Patterson, Jordan",2014,Sr,Alabama,0.018
"Paul, Ashlynne",2014,Fr,Eastern Ill.,-0.133
"Paul, Ashlynne",2015,So,Eastern Ill.,-0.133
"Paulo, Kourtney",2014,Jr,South Carolina St.,-0.049
"Pavel, Mel",2014,So,Austin Peay,-0.025
"Pavel, Mel",2015,Jr,Austin Peay,-0.025
"Peres, Jenavee",2015,Fr,San Diego St.,-0.002
"Perez, Xiomara",2015,Fr,Army West Point,-0.026
"Perkins, Jess",2014,Jr,Illinois,-0.056
"Perkins, Jess",2015,Sr,Illinois,-0.056
"Perricelli, Angelique",2014,So,N.C. Central,-0.031
"Perricelli, Angelique",2015,Jr,N.C. Central,-0.031
"Peterson, Alexa",2014,Sr,Oregon,0.101
"Pfeffer, Kate",2014,Fr,Wright St.,-0.122
"Pfeffer, Kate",2015,So,Wright St.,-0.122
"Phelan, Melissa",2014,So,Stony Brook,0.090
"Phelan, Melissa",2015,Jr,Stony Brook,0.090
"Phillips, Morgan",2015,Fr,St. Bonaventure,-0.048
"Piancastelli, Erika",2015,Fr,McNeese St.,0.026
"Pickett, Cassi",2015,Fr,East Tenn. St.,-0.062
"Pickett, Shelby",2014,Jr,Pittsburgh,0.025
"Pickett, Shelby",2015,Jr,Pittsburgh,0.025
"Pilkington, Stephanie",2014,So,South Ala.,-0.010
"Pilkington, Stephanie",2015,Jr,South Ala.,-0.010
"Pinto, Dominique",2014,Fr,UConn,-0.008
"Pinto, Dominique",2015,So,UConn,-0.008
"Pisciotta, Alexandra",2014,So,Stony Brook,-0.111
"Pisciotta, Alexandra",2015,Jr,Stony Brook,-0.111
"Pitre, Alyssa",2014,N/A,Sacred Heart,-0.024
"Pitre, Alyssa",2015,Fr,Sacred Heart,-0.024
"Plaza, Jessica",2014,So,Stanford,-0.071
"Plaza, Jessica",2015,Jr,Stanford,-0.071
"Polidori, Erika",2014,Sr,Oakland,-0.032
"Pope, Grace",2015,Fr,Drexel,-0.032
"Prado, Paris",2014,Sr,Sacramento St.,-0.043
"Prado, Paris",2015,Sr,Sacramento St.,0.074
"Prantl, Cammi",2014,So,Ohio St.,-0.089
"Prantl, Cammi",2015,Jr,Ohio St.,-0.089
"Prater, K.",2014,N/A,Nicholls St.,-0.017
"Prater, Kayla",2015,Jr,Nicholls St.,-0.017
"Pridgen, Taylar",2014,Jr,Gardner-Webb,-0.093
"Pridgen, Taylar",2015,Sr,Gardner-Webb,-0.093
"Prior, Brittany",2014,Sr,Oakland,-0.038
"Proctor, Kaytie",2015,Fr,Northwestern St.,-0.016
"Prusak, Paris",2014,Jr,USC Upstate,0.014
"Prusak, Paris",2015,Sr,USC Upstate,0.014
"Pugh, Dani",2014,Jr,IPFW,-0.009
"Pugh, Dani",2015,Sr,Western Ky.,0.084
"Rabbetts, Alex",2014,So,Seton Hall,-0.002
"Rabbetts, Alex",2015,Jr,Seton Hall,-0.002
"Raby, Korinne",2014,So,Penn,0.096
"Raby, Korinne",2015,Jr,Penn,0.096
"Raftery, Bridget",2014,Fr,Washington,-0.013
"Rankin, Bailey",2014,N/A,Southern U.,0.011
"Rankin, Bailey",2015,So,Southern U.,0.011
"Rathburn, Chloe",2014,Fr,South Ala.,0.201
"Rathburn, Chloe",2015,So,South Ala.,0.201
"Redmond, Brooke",2015,Fr,Monmouth,-0.005
"Reeder, Olivia",2014,Jr,Toledo,0.012
"Reed, Tori",2014,Fr,Fairfield,0.173
"Reed, Tori",2015,So,Fairfield,0.173
"Reedy, Tatum",2014,So,New Mexico St.,0.039
"Reedy, Tatum",2015,Jr,New Mexico St.,0.039
"Reilly, Samantha",2015,Fr,Marist,-0.055
"Reiman, Jessica",2015,N/A,Hampton,-0.080
"Reina, Alyssa",2014,So,North Dakota St.,0.016
"Reina, Alyssa",2015,So,North Dakota St.,0.016
"Rennie, Melissa",2014,Sr,Ohio St.,-0.202
"Reynolds, Bailey",2014,Fr,Central Ark.,-0.017
"Reynolds, Bailey",2015,So,Central Ark.,-0.017
"Rhodes, Mckenzi",2014,So,Akron,0.057
"Rhodes, Mckenzi",2015,Jr,Akron,0.057
"Richards, Alyssa",2014,Fr,Tennessee Tech,0.014
"Richards, Alyssa",2015,So,Tennessee Tech,0.014
"Ridgeway, Kelsey",2014,Jr,Ark.-Pine Bluff,-0.088
"Ridgeway, Kelsey",2015,Sr,Ark.-Pine Bluff,-0.088
"Ridling, Harli",2014,Fr,Kansas,-0.032
"Ridling, Harli",2015,So,Kansas,-0.032
"Riemenschneider, Brooke",2014,Fr,Indiana St.,0.097
"Riemenschneider, Brooke",2015,So,Indiana St.,0.097
"Ringle, Blake",2014,So,Creighton,0.030
"Ringle, Blake",2015,Jr,Creighton,0.030
"Roane, Jessie",2015,Fr,Kansas,0.056
"Roberts, Andrea",2015,Fr,Eastern Ill.,0.053
"Robertson, Katie",2014,Fr,UC Davis,-0.078
"Robertson, Katie",2015,So,UC Davis,-0.078
"Robinson, Amanda",2014,Sr,Utah Valley,-0.142
"Robinson, Shellie",2014,Jr,USC Upstate,0.032
"Robinson, Shellie",2015,Sr,USC Upstate,0.032
"Robles, Anyssa",2014,So,Chattanooga,0.042
"Robles, Anyssa",2015,Jr,Chattanooga,0.042
"Rodgers, Jocelynn",2014,Fr,Murray St.,-0.261
"Rodgers, Jocelynn",2015,So,Murray St.,-0.261
"Rodriguez, Kelsey",2014,Sr,Arizona,-0.084
"Rogers, Kacey",2014,Sr,Evansville,-0.044
"Roller, Harley",2014,Sr,Southern U.,-0.079
"Romeo, Lia",2014,Jr,Western Ill.,-0.057
"Romeo, Lia",2015,Sr,Western Ill.,-0.057
"Roper, Emily",2014,Fr,Elon,-0.110
"Roper, Emily",2015,So,Elon,-0.110
"Rose, Carlie",2014,So,Missouri,0.025
"Ross, Alexis",2014,So,FGCU,0.018
"Ross, Alexis",2015,Jr,FGCU,0.018
"Ross, Haleigh",2014,Fr,Memphis,-0.035
"Ross, Haleigh",2015,So,Memphis,-0.035
"Rother, Lacey",2014,Jr,New Mexico St.,0.127
"Rother, Lacey",2015,Sr,New Mexico St.,0.127
"Rouse, Mckalee",2014,So,Hampton,0.040
"Rouse, Mckalee",2015,Jr,Hampton,0.040
"Rowe, Maggie",2015,Fr,Radford,-0.114
"Rozell, Erika",2015,Fr,Minnesota,-0.032
"Ruckenbrod, Maggie",2014,Sr,Louisville,-0.045
"Ruiz, Alyssa",2014,Sr,New Mexico St.,-0.070
"Rupp, Sara",2015,Fr,Texas St.,0.039
"Rurka, Julianne",2015,Fr,Providence,0.080
"Ryan, Holly",2014,Jr,Winthrop,0.029
"Ryder, Kaitlin",2015,Fr,UTEP,0.017
"Saacke, Madison",2015,Fr,Montana,-0.102
"Salvo, Kara",2014,Fr,Western Caro.,-0.004
"Salvo, Kara",2015,So,Western Caro.,-0.004
"Sampson, Erica",2014,Jr,Tulsa,-0.018
"Sampson, Erica",2015,Sr,Tulsa,-0.018
"Sanbower, Kaylyn",2014,Jr,Seton Hall,-0.024
"Sanbower, Kaylyn",2015,Sr,Seton Hall,-0.024
"Sanchez, Natalie",2014,So,UC Riverside,-0.012
"Sanchez, Natalie",2015,Jr,UC Riverside,-0.012
"Sandage, Alexsis",2014,So,Florida A&M,-0.023
"Sandage, Alexsis",2015,Jr,Florida A&M,-0.023
"Sandoval, Karli",2014,Sr,Long Beach St.,-0.160
"Sanicki, Taylor",2014,Jr,Western Mich.,-0.050
"Sanicki, Taylor",2015,Sr,Western Mich.,-0.050
"Santillo, Samantha",2014,Jr,Robert Morris,0.089
"Santillo, Samantha",2015,Sr,Robert Morris,0.089
"Saunders, Lauryn",2014,Fr,UC Davis,0.042
"Saunders, Lauryn",2015,So,UC Davis,0.042
"Scamihorn, Shelbie",2014,Fr,Ball St.,-0.030
"Scamihorn, Shelbie",2015,So,Ball St.,-0.030
"Scarpantonio, Taylor",2014,Jr,Georgia St.,-0.003
"Scarpantonio, Taylor",2015,Sr,Georgia St.,-0.003
"Schattle, Erin",2014,Sr,USC Upstate,0.028
"Schieferstein, Nicole",2014,Sr,Stony Brook,0.002
"Schlaefer, Mariel",2014,So,Colgate,-0.014
"Schlaefer, Mariel",2015,Jr,Colgate,-0.014
"Schmiederer, Angela",2015,Fr,Iowa,-0.008
"Schneid, Mallory",2015,Jr,Indiana St.,-0.008
"Schnyder, Ciara",2014,Fr,UMES,-0.049
"Schnyder, Ciara",2015,So,UMES,-0.049
"Schoenewald, Julia",2014,Fr,Brown,-0.049
"Schoenewald, Julia",2015,So,Brown,-0.049
"Schoonmaker, Rachael",2014,Jr,Utah Valley,-0.003
"Schroeder, Maria",2015,Fr,Bradley,-0.027
"Schroeder, Nicole",2014,So,Arkansas,0.003
"Schroeder, Nicole",2015,Jr,Arkansas,0.003
"Schroeder, Nikki",2014,Fr,LIU Brooklyn,-0.144
"Schroeder, Nikki",2015,So,LIU Brooklyn,-0.144
"Schueler, Darcy",2014,Jr,Eastern Ky.,0.074
"Schueler, Darcy",2015,Sr,Eastern Ky.,0.074
"Schultz, Nicole",2014,Jr,San Jose St.,0.030
"Schultz, Nicole",2015,Sr,San Jose St.,0.030
"Scott, Alex",2014,So,Brown,-0.059
"Scott, Hayli",2015,So,Evansville,0.067
"Secaira,",2014,N/A,Utah,0.044
"Secaira, Bella",2015,So,Utah,0.044
"Segovia, Natalia",2014,Fr,Villanova,0.157
"Segovia, Natalia",2015,So,Villanova,0.157
"Seiz, Holly",2014,So,Liberty,-0.077
"Sellers, Rachel",2015,Fr,Pacific,0.035
"Shaffer, Tarran",2014,Jr,Loyola Chicago,-0.002
"Shaffer, Tarran",2015,Sr,Loyola Chicago,-0.002
"Shea, Courtney",2015,Fr,Auburn,0.029
"Shephard, Baylee",2014,Fr,Northwestern St.,-0.001
"Shephard, Baylee",2015,So,Northwestern St.,-0.001
"Sher, Mackenzie",2014,Sr,Southern Miss.,-0.047
"Shimoda, Kayla",2014,Jr,Columbia,-0.175
"Shimoda, Kayla",2015,Sr,Columbia,-0.175
"Shireman, Erin",2014,So,Texas,0.090
"Shireman, Erin",2015,Jr,Texas,0.090
"Shiver, Natalie",2014,So,Mercer,0.009
"Shiver, Natalie",2015,Jr,Mercer,0.009
"Shue, KC",2014,Sr,UNCW,-0.056
"Silfer, Lindsey",2014,Fr,Canisius,-0.044
"Silfer, Lindsey",2015,So,Canisius,-0.044
"Simmons, Laine",2015,Fr,Morehead St.,-0.049
"Singleton, Kaleigh",2015,So,Abilene Christian,-0.103
"Sloan, Savannah",2014,Jr,Jacksonville St.,0.093
"Sloan, Savannah",2015,Sr,Jacksonville St.,0.093
"Sloat, Kaylynn",2014,Jr,Mercer,0.003
"Sloat, Kaylynn",2015,Sr,Mercer,0.003
"Smaldone, Sammy",2015,Jr,Siena,0.006
"Smith,",2015,N/A,Alabama A&M,-0.012
"Smith, Aeron",2015,Fr,UT Martin,-0.134
"Smith, Arianna",2014,Sr,Jackson St.,-0.044
"Smith, Brooke",2014,Fr,Jacksonville,0.007
"Smith, Brooke",2015,So,Jacksonville,0.007
"Smith, Chelsea",2014,So,Southeast Mo. St.,-0.134
"Smith, Chelsea",2015,Jr,Southeast Mo. St.,-0.134
"Smith, Hope",2014,Jr,Furman,0.039
"Smith, Hope",2015,Sr,Furman,0.039
"Smith, Katey",2014,So,Virginia Tech,-0.006
"Smith, Katey",2015,Jr,Virginia Tech,-0.006
"Smith, Kelsey",2014,Fr,Princeton,-0.028
"Smith, Kelsey",2015,So,Princeton,-0.028
"Smith, Lyndi",2014,Sr,Abilene Christian,0.026
"Smith, Shelbie",2014,N/A,North Texas,-0.026
"Smith, Shelbie",2015,So,North Texas,-0.026
"Snow, E.",2014,N/A,Albany (NY),-0.043
"Snow, Elizabeth",2015,So,Albany (NY),-0.043
"Soefje, Tess",2014,So,UTSA,-0.011
"Soefje, Tess",2015,Jr,UTSA,-0.011
"Solis, Kortney",2014,So,Sacramento St.,0.003
"Solis, Kortney",2015,Jr,Sacramento St.,0.003
"Sorenson, Michelle",2014,Jr,A&M-Corpus Chris,0.067
"Sorenson, Michelle",2015,Sr,A&M-Corpus Chris,0.067
"Souza, Kimberlee",2014,Jr,Washington,-0.048
"Souza, Kimberlee",2015,Jr,Washington,-0.048
"Speer, Tory",2014,Sr,Boston College,-0.095
"Spenn, Kathryn",2014,So,Bradley,0.067
"Spenn, Kathryn",2015,Jr,Bradley,0.067
"Spivey, Lee Ann",2014,So,South Fla.,-0.047
"Spivey, Lee Ann",2015,Jr,South Fla.,-0.047
"Springfield, Emily",2015,Fr,Brown,-0.041
"Stamm, Megan",2014,Jr,Western Mich.,-0.109
"Standley, Katelyn",2014,Fr,Stephen F. Austin,-0.057
"Standley, Katelyn",2015,So,Stephen F. Austin,-0.057
"Stanley, Cera",2015,Fr,Utah Valley,-0.099
"Stark, Samantha",2015,Jr,UC Santa Barbara,-0.032
"Stauffenberg, Jenna",2015,Fr,Valparaiso,-0.014
"Steinmehl, Alex",2014,Jr,Pacific,-0.011
"Steinmehl, Alex",2015,Sr,Pacific,-0.011
"Stewart, Samantha",2014,Fr,Valparaiso,-0.020
"Stewart, Samantha",2015,So,Valparaiso,-0.020
"Stoffer, Ellie",2014,Jr,Michigan St.,-0.063
"Stoffer, Ellie",2015,Sr,Michigan St.,-0.063
"Stokes, Bailey",2015,So,Southern Miss.,0.032
"Storms, Samantha",2014,N/A,Saint Peter's,-0.039
"Storms, Samantha",2015,Fr,Saint Peter's,-0.039
"Stovall, Jordan",2014,Sr,Fla. Atlantic,0.018
"Stover, Brooke",2015,Fr,UNLV,0.151
"Stracher, Shelby",2015,Fr,Towson,0.210
"Stratton, Erika",2014,Sr,Bowling Green,-0.075
"St. Romain, Alex",2014,Sr,Dartmouth,0.088
"Sullivan, Deanna",2015,Fr,South Carolina St.,-0.019
"Summers, Ali",2014,Fr,Rhode Island,0.004
"Summers, Ali",2015,So,Rhode Island,0.004
"Sutter, Courtney",2014,So,Kennesaw St.,0.081
"Sutter, Courtney",2015,So,Kennesaw St.,0.081
"Suttles, Kiara",2015,Fr,Southern U.,0.109
"Svekis, Gwen",2015,Fr,Oregon,-0.068
"Swanberg, Charly",2014,Sr,San Diego,-0.019
"Swanicke, Suzanne",2014,Fr,La Salle,-0.016
"Swanicke, Suzanne",2015,So,La Salle,-0.016
"Swanson, Canessa",2014,So,Jackson St.,-0.033
"Swanson, Canessa",2015,Jr,Jackson St.,-0.033
"Sweeney, Abby",2014,Fr,Samford,-0.114
"Sweeney, Abby",2015,So,Samford,-0.114
"Sweet, Lauren",2014,Jr,Michigan,0.062
"Sweet, Lauren",2015,Sr,Michigan,0.062
"Syrett, Courtney",2014,Fr,Ole Miss,-0.037
"Syrett, Courtney",2015,So,Ole Miss,-0.037
"Szydlowski, Alison",2015,Fr,Louisville,-0.018
"Szymanowski, Amy",2015,Jr,Florida St.,0.078
"Tackett, Katie",2014,Jr,Eastern Ky.,0.112
"Tackett, Katie",2015,Sr,Eastern Ky.,0.112
"Tackett, Kortney",2014,Jr,Wright St.,0.025
"Tackett, Kortney",2015,Sr,Wright St.,0.025
"Talton, Deja",2014,Fr,Mississippi Val.,-0.046
"Talton, Deja",2015,So,Mississippi Val.,-0.046
"Taylor, Alexia",2015,Fr,Liberty,-0.052
"Taylor, Erin",2014,Jr,Presbyterian,0.034
"Taylor, Erin",2015,Sr,Presbyterian,0.034
"Taylor, Hannah",2014,So,Samford,-0.021
"Taylor, Hannah",2015,Jr,Samford,-0.021
"Taylor, Jessie",2014,So,Central Ark.,0.009
"Taylor, Jessie",2015,Jr,Central Ark.,0.009
"Taylor, Monica",2015,Fr,UNCW,0.005
"Tellez, Naomi",2015,Jr,DePaul,-0.017
"Tellez, Naomi",2014,So,New Mexico,-0.065
"Thomas, Amanda",2015,Fr,UTSA,0.015
"Thomas, Jessa",2014,Fr,Southern Ill.,0.037
"Thomas, Jessa",2015,So,Southern Ill.,0.037
"Thomas, Lindsay",2014,So,UNCG,-0.102
"Thomas, Lindsay",2015,Jr,UNCG,-0.102
"Tinajero, Michelle",2014,Sr,Saint Peter's,-0.058
"Tobon, Nicole",2014,So,Illinois,0.023
"Tobon, Nicole",2015,Jr,Illinois,0.023
"Tometich, Hannah",2014,So,North Dakota,-0.030
"Tometich, Hannah",2015,Jr,North Dakota,-0.030
"Tonz, Paige",2014,Sr,Northwestern,-0.095
"Torrez, Hailey",2014,N/A,Boise St.,-0.124
"Torrez, Hailey",2015,Sr,Boise St.,-0.124
"Tourtillott, Brianna",2014,Fr,UTEP,0.027
"Toven, Nichole",2014,Jr,LIU Brooklyn,-0.088
"Tracy, Brooke",2014,So,Winthrop,-0.021
"Trevino, Christy",2014,Fr,Incarnate Word,-0.142
"Trevino, Christy",2015,So,Incarnate Word,-0.142
"Trippi, Erin",2014,Jr,Hofstra,0.214
"Trippi, Erin",2015,Sr,Hofstra,0.214
"Tsuchiyama, Ariel",2014,Sr,Cal St. Fullerton,-0.020
"Tutsch, Krysta",2015,Jr,Louisiana Tech,0.003
"Unzicker, Madison",2015,Fr,Nebraska,0.018
"Vadeboncouer, Allie",2014,Sr,Southern Ill.,-0.022
"VanDerveer, Alyssa",2015,Fr,Penn St.,0.007
"Vander Ven, Rachel",2014,So,UMES,0.045
"Van Horn, Candice",2014,Jr,Coppin St.,0.018
"Van Horn, Candice",2015,Sr,Coppin St.,0.018
"Varriano, Anna",2014,Fr,UNI,-0.004
"Varriano, Anna",2015,So,UNI,-0.004
"Vazquez, Jenn",2014,Fr,Manhattan,-0.108
"Vazquez, Jenn",2015,So,Manhattan,-0.108
"Vazquez, Kasi",2014,Sr,Dayton,0.007
"Vergona, Ally",2015,So,Fordham,-0.016
"Vergona, Ally",2014,Fr,UNCG,-0.062
"Vesper, Hannah",2014,So,Alcorn,-0.105
"Vesper, Hannah",2015,Jr,Alcorn,-0.105
"Volz, Megan",2014,Jr,Siena,0.057
"Vonhagel, Madison",2015,Fr,Houston Baptist,0.084
"Voss, Caitlin",2014,Sr,UC Davis,-0.089
"Wade, Bryana",2014,So,North Texas,-0.024
"Wade, Bryana",2015,Jr,North Texas,-0.024
"Wagner, Taylor",2014,Fr,Eastern Mich.,-0.057
"Wagner, Taylor",2015,So,Eastern Mich.,-0.057
"Waite, Lauren",2014,Jr,St. Bonaventure,-0.069
"Waite, Lauren",2015,Sr,St. Bonaventure,-0.069
"Walker, Dani",2015,Fr,Montana,-0.029
"Wallace, Carlee",2015,Fr,Auburn,-0.038
"Walters, Ashley",2015,Fr,Texas A&M,0.114
"Waltrip, Shelby",2014,Sr,Incarnate Word,0.051
"Wambold, Julie",2014,Jr,Syracuse,-0.053
"Wambold, Julie",2015,Sr,Syracuse,-0.053
"Warnken, Dani",2015,N/A,Sacred Heart,0.002
"Warnock, Sarah",2014,Jr,Appalachian St.,-0.096
"Warnock, Sarah",2015,Sr,Appalachian St.,-0.096
"Warren, Erika",2014,So,Kent St.,0.038
"Warren, Erika",2015,Jr,Kent St.,0.038
"Wartner, Kayla",2014,Jr,Hawaii,0.013
"Wartner, Kayla",2015,Sr,Hawaii,0.013
"Watson, Jasmine",2014,Sr,Syracuse,-0.031
"Weavers, Hailey",2014,Fr,Saint Louis,-0.024
"Weavers, Hailey",2015,So,Saint Louis,-0.024
"Webb, Holly",2014,Sr,Houston Baptist,0.025
"Webster, Kelsie",2014,Sr,Utah St.,-0.065
"Weir, Makenna",2014,So,Boise St.,0.031
"Weir, Makenna",2015,Jr,Boise St.,0.031
"Welborn, Susan",2014,Fr,Texas Tech,0.032
"Welborn, Susan",2015,So,Texas Tech,0.032
"Werth, Amanda",2014,Jr,Niagara,-0.020
"Werth, Amanda",2015,Sr,Niagara,-0.020
"West, Austyn",2014,So,Auburn,-0.022
"Westerman,",2014,N/A,Grambling,0.034
"Westerman,",2015,Fr,Grambling,0.034
"Whidden, Cassidy",2014,Jr,Notre Dame,0.025
"Whidden, Cassidy",2015,Sr,Notre Dame,0.025
"Whispel, Rylee",2015,Fr,Miami (OH),-0.075
"White, Rachel",2014,Sr,Savannah St.,-0.165
"Whittington, Carlie",2015,Fr,Southeastern La.,-0.012
"Wilen, Madelaine",2014,So,Fairleigh Dickinson,0.020
"Wilen, Madelaine",2015,Jr,Fairleigh Dickinson,0.020
"Wilkens, Kaitlyn",2014,Fr,St. John's (NY),-0.076
"Wilkens, Kaitlyn",2015,So,St. John's (NY),-0.076
"Wilkins, Margaret",2014,Sr,Hampton,0.029
"Williams, Eliazbeth",2014,Sr,Gardner-Webb,-0.088
"Williams, Shea",2014,Sr,Cal Poly,-0.067
"Willis, Tonje",2015,N/A,Alabama A&M,-0.001
"Willmon, Lindsey",2014,Fr,Hawaii,-0.035
"Willmon, Lindsey",2015,So,Hawaii,-0.035
"Wilson, Cyndi",2014,So,Saint Joseph's,-0.037
"Wilson, Cyndi",2015,Jr,Saint Joseph's,-0.037
"Wilson, Deven",2014,So,UT Martin,-0.038
"Wince, Ashton",2014,Fr,Massachusetts,-0.018
"Wince, Ashton",2015,So,Massachusetts,-0.018
"Winton, Taylor",2014,Sr,Marshall,0.142
"Wissinger, Danielle",2014,Fr,Delaware,-0.176
"Wissinger, Danielle",2015,So,Delaware,-0.176
"Withee, Maddie",2014,Fr,Tulsa,0.021
"Withee, Maddie",2015,So,Tulsa,0.021
"Witthus, Kindra",2014,Fr,Saint Francis (PA),0.051
"Witthus, Kindra",2015,So,Saint Francis (PA),0.051
"Wodach, Lea",2015,Fr,Oklahoma,0.057
"Woodard, Mel",2014,Fr,Cleveland St.,0.019
"Woodard, Mel",2015,Fr,Cleveland St.,0.019
"Wood, Cortney",2014,Sr,Drake,-0.023
"Woo, Emma",2014,Sr,Rutgers,-0.123
"Wright, Carolyn",2015,Fr,Lehigh,0.055
"Wynne, Abby",2014,Jr,East Carolina,-0.098
"Wynne, Abby",2015,Sr,East Carolina,-0.098
"Wynn, Meghan",2014,Fr,Hartford,0.053
"Wynn, Meghan",2015,So,Hartford,0.053
"Yanez, Aleesa",2014,So,Alabama St.,0.034
"Yanez, Aleesa",2015,Jr,Alabama St.,0.034
"Young, Cheyanna",2014,So,Bucknell,0.003
"Young, Cheyanna",2015,Jr,Bucknell,0.003
"Yzaguirre, Taylor",2014,Fr,Cal Poly,0.055
"Yzaguirre, Taylor",2015,So,Cal Poly,0.055
"Zahka, Alyssa",2014,Sr,Marist,-0.018
"Zamora, Victoria",2015,Fr,LIU Brooklyn,-0.042
"Zeremenko, Giorgiana",2015,Fr,Pittsburgh,-0.005
"Zgrabik, Chelsea",2014,Sr,FGCU,-0.095
"Ziarnowski, Rachel",2014,Fr,Niagara,0.001
"Ziarnowski, Rachel",2015,So,Niagara,0.001
"Zierke, Kaylyn",2014,Fr,Temple,0.009
"Ziese, Courtney",2014,So,Georgia Tech,-0.067
"Ziese, Courtney",2015,Jr,Georgia Tech,-0.067
"Zito, Carissa",2014,So,Lehigh,-0.014
"Zito, Carissa",2015,Jr,Lehigh,-0.014
